date,home_team,away_team,home_goals,away_goals
2025-08-15,Liverpool,Bournemouth,4,2
2025-08-16,Aston Villa,Newcastle,0,0
2025-08-16,Brighton,Fulham,1,1
2025-08-16,Sunderland,West Ham,3,0
2025-08-16,Tottenham,Burnley,3,0
2025-08-17,Chelsea,Crystal Palace,0,0
2025-08-17,Nottingham Forest,Brentford,3,1
2025-08-17,Manchester United,Arsenal,0,1
2025-08-18,Leeds,Everton,1,0
2025-08-18,Wolves,Manchester City,0,4
2025-08-23,Manchester City,Tottenham,0,2
2025-08-23,Bournemouth,Wolves,1,0
2025-08-23,Brentford,Aston Villa,1,0
2025-08-23,Burnley,Sunderland,2,0
2025-08-24,Crystal Palace,Nottingham Forest,1,1
2025-08-24,Everton,Brighton,2,0
2025-08-24,Fulham,Manchester United,1,1
2025-08-24,Newcastle,Liverpool,2,3
2025-08-25,West Ham,Chelsea,1,5
2025-08-25,Arsenal,Leeds,5,0
